more,1/1/0001 12:00:00 AM,misc,6/11/2011 11:48:19 PM,http://www.google.com/calendar/feeds/8j59387a3voske4uccgl3l1nd8%40group.calendar.google.com/private/full/lieqqr8gijsh3j92u6v2mbogl8,
more,1/1/0001 12:00:00 AM,misc,6/11/2011 11:48:22 PM,http://www.google.com/calendar/feeds/8j59387a3voske4uccgl3l1nd8%40group.calendar.google.com/private/full/egljtfk6un9egubvlg46cejfbo,
lol tmr okay?,11/7/2011 11:59:00 PM,misc,6/11/2011 11:30:31 PM,http://www.google.com/calendar/feeds/8j59387a3voske4uccgl3l1nd8%40group.calendar.google.com/private/full/1rn0iq997301m0jj4hdep5vvog,
lol,11/9/2011 12:00:00 AM,misc,6/11/2011 11:47:24 PM,http://www.google.com/calendar/feeds/8j59387a3voske4uccgl3l1nd8%40group.calendar.google.com/private/full/4ggbcs0cc3f8hcltbfb7r87qls,
lol,11/9/2011 12:00:00 AM,misc,6/11/2011 10:58:43 PM,http://www.google.com/calendar/feeds/8j59387a3voske4uccgl3l1nd8%40group.calendar.google.com/private/full/ua0qs90d0kuhoiv0asq4ac1s08,
lol,11/9/2011 12:00:00 AM,misc,6/11/2011 11:39:43 PM,http://www.google.com/calendar/feeds/8j59387a3voske4uccgl3l1nd8%40group.calendar.google.com/private/full/cjla96f9tkb1g02jpf79qr6oqg,
lol,11/9/2011 12:00:00 AM,misc,6/11/2011 11:47:57 PM,http://www.google.com/calendar/feeds/8j59387a3voske4uccgl3l1nd8%40group.calendar.google.com/private/full/f16qlqmgtss1739amibueprj30,
more more,11/9/2011 12:00:00 AM,misc,6/11/2011 11:48:10 PM,http://www.google.com/calendar/feeds/8j59387a3voske4uccgl3l1nd8%40group.calendar.google.com/private/full/fnebmrgh5eg7acs9ik31hn3co8,
more more,11/9/2011 12:00:00 AM,misc,6/11/2011 11:47:58 PM,http://www.google.com/calendar/feeds/8j59387a3voske4uccgl3l1nd8%40group.calendar.google.com/private/full/53k3s0l344oln2ltpqpdqkhucc,
more more,11/9/2011 12:00:00 AM,misc,6/11/2011 11:47:58 PM,http://www.google.com/calendar/feeds/8j59387a3voske4uccgl3l1nd8%40group.calendar.google.com/private/full/53k3s0l344oln2ltpqpdqkhucc,
